{
    "loss": 1.0908174514770508,
    "combined_loss": 0.8726539611816406,
    "dice": 0.009123357012867928,
    "iou": 0.004603218287229538
}