{
    "loss": 1.299838662147522,
    "combined_loss": 1.0398709774017334,
    "dice": 0.031159183010458946,
    "iou": 0.01652788557112217
}