{
    "loss": 1.3606963157653809,
    "combined_loss": 1.0885570049285889,
    "dice": 0.05080000311136246,
    "iou": 0.026841405779123306
}