{
    "loss": 0.950108528137207,
    "combined_loss": 0.7600868344306946,
    "dice": 0.08666646480560303,
    "iou": 0.0508749783039093
}