{
    "loss": 0.9928579926490784,
    "combined_loss": 0.7942863702774048,
    "dice": 0.08838481456041336,
    "iou": 0.050389088690280914
}